,City,Cloudiness,Country,Date,Humidity,Lat,Lng,Max Temp,Wind Speed
0,sechura,64,PE,1578449155,85,-5.56,-80.82,295.21,4.83
1,cidreira,0,BR,1578449175,71,-30.17,-50.22,296.81,4.15
2,chuy,0,UY,1578448971,62,-33.69,-53.46,291.44,3.77
3,bredasdorp,0,ZA,1578449159,94,-34.53,20.04,293.15,1.5
4,banda aceh,57,ID,1578449732,63,5.56,95.32,301.21,3.95
5,rikitea,20,PF,1578449148,79,-23.12,-134.97,298.3,8.88
6,luanda,75,AO,1578449663,88,-8.83,13.24,299.15,1.0
7,hermanus,0,ZA,1578449146,96,-34.42,19.24,291.48,3.38
8,narsaq,100,GL,1578449732,78,60.91,-46.05,262.15,2.1
9,upernavik,99,GL,1578449143,71,72.79,-56.15,246.28,3.0
10,longyearbyen,40,NO,1578449152,68,78.22,15.63,272.15,15.4
11,roura,75,GF,1578449733,83,4.73,-52.33,300.15,2.6
12,mackay,90,CA,1578449733,84,53.65,-115.58,262.15,4.6
13,byron bay,0,AU,1578449670,54,-28.65,153.62,305.37,7.2
14,xai-xai,0,MZ,1578449141,96,-25.04,33.64,294.56,0.27
15,senekal,100,ZA,1578449733,78,-28.32,27.62,290.93,5.36
16,albany,90,US,1578449137,84,42.65,-73.75,273.15,1.5
17,airai,67,TL,1578449152,49,-8.93,125.41,301.93,1.85
18,bethel,1,US,1578449175,68,60.79,-161.76,246.15,6.2
19,maxixe,0,MZ,1578449734,79,-23.86,35.35,299.61,4.18
20,ahipara,46,NZ,1578449183,56,-35.17,173.16,298.15,1.34
21,gazanjyk,0,TM,1578449735,62,39.24,55.52,275.37,3.27
22,nikolskoye,90,RU,1578449692,86,59.7,30.79,276.48,4.0
23,saint-philippe,90,CA,1578448857,80,45.36,-73.48,272.15,2.01
24,gibara,39,CU,1578449735,94,21.11,-76.13,296.15,3.6
25,tottori,40,JP,1578449735,45,35.5,134.23,290.15,14.4
26,clyde river,75,CA,1578449169,46,70.47,-68.59,246.15,3.6
27,zharkent,100,KZ,1578449736,78,44.17,80.0,262.36,1.02
28,mataura,100,NZ,1578449137,66,-46.19,168.86,289.82,5.81
29,kruisfontein,84,ZA,1578449185,91,-34.0,24.73,291.53,3.32
30,iquitos,0,PE,1578449737,88,-3.75,-73.25,298.15,0.5
31,makakilo city,90,US,1578449737,73,21.35,-158.09,299.15,6.2
32,hilo,75,US,1578449153,57,19.71,-155.08,300.15,6.2
33,benguela,100,AO,1578449240,84,-12.58,13.4,298.43,0.84
34,busselton,0,AU,1578449141,23,-33.64,115.35,302.04,5.96
35,paamiut,100,GL,1578449738,61,61.99,-49.67,264.69,6.33
36,komsomolskiy,96,RU,1578449738,97,67.55,63.78,255.98,3.38
37,ushuaia,90,AR,1578449148,87,-54.81,-68.31,282.15,7.7
38,port alfred,100,ZA,1578449163,98,-33.59,26.89,293.71,0.89
39,poronaysk,0,RU,1578449170,69,49.22,143.1,266.58,1.56
40,castro,75,CL,1578449146,76,-42.48,-73.76,285.15,2.6
41,constitucion,5,MX,1578449204,21,23.99,-104.67,289.15,2.1
42,mehamn,100,NO,1578449214,86,71.03,27.85,273.02,7.92
43,punta arenas,100,CL,1578449154,66,-53.16,-70.91,285.15,4.6
44,ixtapa,75,MX,1578449143,69,20.71,-105.21,298.15,2.6
45,arlit,98,NE,1578449196,15,18.74,7.39,289.65,5.51
46,bluff,2,AU,1578449740,25,-23.58,149.07,306.42,5.67
47,margate,20,AU,1578449168,38,-43.03,147.26,296.48,5.7
48,souillac,90,FR,1578448857,100,45.6,-0.6,284.15,2.1
49,havelock,1,US,1578449741,46,34.88,-76.9,283.15,9.3
50,eyl,84,SO,1578449741,74,7.98,49.82,298.68,8.68
51,grand gaube,75,MU,1578449741,88,-20.01,57.66,299.15,2.22
52,new norfolk,20,AU,1578448870,38,-42.78,147.06,297.04,5.7
53,avarua,100,CK,1578449695,74,-21.21,-159.78,301.15,3.6
54,kapaa,75,US,1578449148,61,22.08,-159.32,300.15,8.2
55,sambava,56,MG,1578449742,95,-14.27,50.17,295.84,1.23
56,saskylakh,92,RU,1578449182,96,71.97,114.09,252.87,3.45
57,moa,56,CU,1578449742,98,20.66,-74.95,292.2,0.9
58,tuktoyaktuk,40,CA,1578449150,66,69.44,-133.03,237.15,6.2
59,pimampiro,1,EC,1578449743,89,0.39,-77.94,284.42,1.13
60,adrar,0,DZ,1578449158,49,27.87,-0.29,281.15,7.2
61,codrington,0,AU,1578449190,40,-28.95,153.24,304.15,2.6
62,nacala,100,MZ,1578449743,96,-14.56,40.69,297.46,1.66
63,necochea,0,AR,1578449744,32,-38.55,-58.74,292.59,1.79
64,guerrero negro,100,MX,1578449744,37,27.97,-114.04,290.82,3.23
65,iqaluit,90,CA,1578449178,62,63.75,-68.52,247.15,4.1
66,katsuura,20,JP,1578449154,59,33.93,134.5,291.15,8.2
67,puerto ayora,3,EC,1578449145,83,-0.74,-90.35,298.15,1.79
68,talnakh,75,RU,1578449680,84,69.49,88.39,257.15,9.0
69,meadow lake,92,CA,1578449745,88,54.13,-108.44,252.02,1.96
70,kondinskoye,63,RU,1578449745,96,59.65,67.41,254.58,2.99
71,east london,100,ZA,1578449745,90,-33.02,27.91,296.79,7.85
72,hanyang,79,CN,1578449746,76,32.14,105.51,285.37,1.99
73,petrozavodsk,100,RU,1578449746,93,61.79,34.39,276.15,4.0
74,chokurdakh,23,RU,1578449151,95,70.62,147.9,240.39,2.46
75,isangel,75,VU,1578449178,55,-19.55,169.27,303.15,7.7
76,aswan,0,EG,1578449746,61,24.09,32.9,280.68,4.15
77,bambous virieux,75,MU,1578449194,88,-20.34,57.76,299.15,1.0
78,manavalakurichi,75,IN,1578449747,88,8.13,77.3,299.15,2.1
79,jiaonan,0,CN,1578449747,80,35.88,119.98,272.15,5.0
80,kununurra,75,AU,1578449204,62,-15.77,128.74,305.15,4.6
81,aksu,90,KZ,1578449225,84,52.04,76.93,254.15,1.9
82,qaanaaq,30,GL,1578449691,77,77.48,-69.36,241.52,1.17
83,bonfim,0,GY,1578449189,63,3.36,-59.84,300.56,4.15
84,kodiak,1,US,1578449748,55,39.95,-94.76,278.15,3.6
85,dikson,95,RU,1578449188,97,73.51,80.55,253.99,3.79
86,lavrentiya,0,RU,1578449203,94,65.58,-170.99,248.48,1.42
87,salair,100,RU,1578449749,96,54.23,85.8,259.17,1.62
88,tiznit,0,MA,1578449749,37,29.7,-9.73,282.14,1.6
89,mareeba,75,AU,1578449749,83,-16.99,145.42,303.71,7.7
90,lavumisa,7,ZA,1578449750,97,-27.31,31.88,292.91,1.27
91,severo-kurilsk,73,RU,1578449192,83,50.68,156.12,267.51,7.44
92,panaba,64,MX,1578449750,62,21.28,-88.27,295.25,4.38
93,ilulissat,92,GL,1578449207,53,69.22,-51.1,254.15,5.7
94,redwater,90,CA,1578449188,92,53.95,-113.11,265.37,5.7
95,nizhniy odes,96,RU,1578449750,95,63.64,54.86,263.0,3.01
96,hirara,75,JP,1578449751,82,24.8,125.28,293.15,6.7
97,torbay,90,CA,1578449191,85,47.66,-52.73,268.15,3.1
98,semirara,86,PH,1578449751,84,12.07,121.4,299.42,9.92
99,soe,90,EE,1578449752,93,57.91,26.05,275.37,6.2
100,san jose,90,HN,1578449493,83,14.25,-87.96,294.15,8.2
101,cloquet,100,US,1578449752,59,46.72,-92.46,259.15,7.7
102,ialibu,100,PG,1578449752,82,-6.28,143.99,295.63,1.56
103,barrow,0,AR,1578449752,37,-38.31,-60.23,292.82,3.73
104,thompson,40,CA,1578449194,75,55.74,-97.86,246.15,2.6
105,kirkcudbright,100,GB,1578449753,77,54.84,-4.04,282.59,3.13
106,la romana,20,DO,1578449533,94,18.43,-68.97,299.15,2.56
107,san quintin,0,PH,1578449753,55,17.54,120.52,301.65,1.59
108,kargasok,94,RU,1578449753,99,59.06,80.87,254.9,2.05
109,atuona,21,PF,1578449753,73,-9.8,-139.03,300.63,6.75
110,fortuna,90,US,1578449098,100,40.6,-124.16,283.15,4.6
111,pisco,40,PE,1578449166,88,-13.71,-76.2,295.15,5.1
112,hobart,20,AU,1578449754,38,-42.88,147.33,297.59,5.7
113,stonewall,5,CA,1578449754,64,50.13,-97.33,254.26,4.6
114,hami,0,CN,1578449154,52,42.84,93.51,265.55,1.44
115,luderitz,94,NA,1578449754,93,-26.65,15.16,290.15,2.1
116,lebowakgomo,25,ZA,1578449755,63,-24.3,29.54,293.15,4.6
117,zhenhai,75,CN,1578449755,65,29.95,121.71,281.48,5.0
118,mahebourg,75,MU,1578449186,88,-20.41,57.7,299.15,1.0
119,quatre cocos,75,MU,1578449755,88,-20.21,57.76,299.15,2.38
120,lorengau,100,PG,1578449172,90,-2.02,147.27,299.18,6.39
121,santa cruz de la palma,20,ES,1578449755,59,28.68,-17.76,292.15,6.2
122,geraldton,90,CA,1578449205,64,49.72,-86.95,256.15,5.7
123,meulaboh,100,ID,1578449756,70,4.14,96.13,299.9,2.9
124,atambua,60,ID,1578449715,67,-9.11,124.89,301.53,2.54
125,anadyr,75,RU,1578449196,83,64.73,177.51,250.15,5.0
126,salinas,75,US,1578449520,76,36.67,-121.66,285.15,3.1
127,maniitsoq,100,GL,1578449182,96,65.42,-52.9,253.97,4.67
128,ternate,20,PH,1578449249,74,14.29,120.72,302.04,2.6
129,buchanan,20,LR,1578449193,94,5.88,-10.05,296.15,1.49
130,san patricio,0,PY,1578449757,32,-26.98,-56.83,296.17,2.11
131,cape town,75,ZA,1578449168,94,-33.93,18.42,293.71,3.1
132,mao,40,DO,1578449758,83,19.55,-71.08,297.15,2.1
133,morondava,0,MG,1578449758,86,-20.3,44.28,298.1,0.41
134,vengerovo,100,RU,1578449758,97,55.68,76.74,258.6,1.74
135,vaini,75,IN,1578449758,100,15.34,74.49,290.15,1.49
136,norman wells,20,CA,1578449186,71,65.28,-126.83,229.15,1.0
137,lompoc,1,US,1578449180,71,34.64,-120.46,287.15,1.5
138,provideniya,0,RU,1578449759,91,64.42,-173.23,248.83,0.39
139,pasni,0,PK,1578449759,29,25.26,63.48,288.34,12.4
140,bay roberts,90,CA,1578449676,85,47.58,-53.28,268.15,3.1
141,havre,40,US,1578449759,86,48.55,-109.68,270.15,7.2
142,kahului,40,US,1578449650,61,20.89,-156.47,299.15,8.7
143,mayumba,100,GA,1578449760,79,-3.44,10.65,300.38,3.14
144,lazaro cardenas,5,MX,1578449167,22,28.39,-105.62,286.48,0.37
145,batemans bay,79,AU,1578449247,71,-35.71,150.18,295.37,1.34
146,almaznyy,75,RU,1578449760,92,48.03,40.04,272.15,5.0
147,yazd,0,IR,1578449760,55,31.89,54.36,275.15,3.1
148,sao sebastiao,100,BR,1578449760,93,-3.15,-58.36,297.65,1.1
149,arraial do cabo,4,BR,1578449192,88,-22.97,-42.02,299.15,1.5
150,bezhetsk,100,RU,1578449761,96,57.78,36.69,273.88,3.46
151,killybegs,100,IE,1578449761,84,54.63,-8.45,279.26,2.68
152,suez,0,EG,1578449761,66,29.97,32.54,281.84,5.36
153,ceyhan,75,TR,1578449761,100,37.03,35.82,282.15,2.1
154,kaitangata,100,NZ,1578449762,56,-46.28,169.85,289.26,2.68
155,plettenberg bay,5,ZA,1578449762,84,-34.05,23.37,293.91,1.56
156,dunedin,99,NZ,1578448993,69,-45.87,170.5,285.36,2.54
157,saldanha,38,PT,1578449177,75,41.42,-6.55,276.3,0.58
158,goroka,83,PG,1578449763,92,-6.07,145.39,293.24,2.17
159,concepcion del oro,0,MX,1578449763,53,24.63,-101.42,282.72,3.89
160,salalah,0,OM,1578449696,53,17.01,54.1,297.15,4.6
161,berdigestyakh,100,RU,1578449763,96,62.1,126.7,261.45,1.79
162,surgut,100,RU,1578449763,91,61.25,73.4,255.15,2.0
163,yellowknife,20,CA,1578449705,66,62.45,-114.38,237.59,1.5
164,faanui,4,PF,1578449239,78,-16.48,-151.75,300.8,8.24
165,talcahuano,20,CL,1578449764,82,-36.72,-73.12,289.15,4.1
166,hobyo,100,SO,1578449764,80,5.35,48.53,297.83,5.08
167,mount gambier,100,AU,1578449764,24,-37.83,140.78,301.15,5.1
168,georgetown,40,GY,1578449531,83,6.8,-58.16,300.15,4.1
169,bathsheba,20,BB,1578449209,74,13.22,-59.52,299.15,7.2
170,dubbo,0,AU,1578449669,25,-32.25,148.6,309.15,5.7
171,batangafo,0,CF,1578449765,35,7.3,18.29,294.26,1.33
172,port elizabeth,90,US,1578449224,86,39.31,-74.98,275.37,4.6
173,montrose,40,GB,1578449765,65,56.71,-2.47,281.15,11.3
174,maragogi,0,BR,1578449766,72,-9.01,-35.22,299.87,4.55
175,alofi,11,NU,1578449247,74,-19.06,-169.92,301.14,4.55
176,stephenville,75,CA,1578449766,85,48.55,-58.59,269.82,1.5
177,praia da vitoria,40,PT,1578449196,82,38.73,-27.07,291.15,10.27
178,ponta do sol,100,BR,1578449175,93,-20.63,-46.0,294.29,0.98
179,rovaniemi,90,FI,1578449767,96,66.5,25.72,274.15,7.7
180,nairn,1,US,1578449767,76,29.43,-89.61,288.15,2.1
181,ouro preto do oeste,100,BR,1578449767,96,-10.75,-62.22,297.17,1.4
182,tasiilaq,64,GL,1578449189,46,65.61,-37.64,256.64,8.51
183,beloha,0,MG,1578449767,90,-25.17,45.06,295.17,3.79
184,ankazobe,75,MG,1578449768,93,-18.32,47.12,291.15,1.0
185,grindavik,75,IS,1578449686,79,63.84,-22.43,272.15,21.6
186,portland,1,US,1578449134,68,43.66,-70.25,273.15,2.5
187,haines junction,98,CA,1578449239,99,60.75,-137.51,248.1,2.01
188,jiuquan,9,CN,1578449769,41,39.73,98.49,265.68,1.44
189,high level,90,CA,1578449769,75,58.52,-117.13,248.15,1.0
190,sao filipe,100,CV,1578449231,72,14.9,-24.5,293.18,8.79
191,colesberg,100,ZA,1578449769,79,-30.72,25.1,292.04,3.45
192,wittlich,90,DE,1578449770,100,49.98,6.89,279.26,3.1
193,russell,1,US,1578449184,45,38.9,-98.86,279.15,2.1
194,carnarvon,69,ZA,1578449770,82,-30.97,22.13,291.14,4.11
195,kaeo,70,NZ,1578449183,56,-35.1,173.78,298.15,1.34
196,sernovodsk,98,RU,1578449770,98,53.92,51.26,260.67,0.38
197,yermakovskoye,100,RU,1578449770,95,53.28,92.4,260.27,1.12
198,cherskiy,31,RU,1578449216,72,68.75,161.3,244.54,3.94
199,pasco,1,US,1578449771,57,46.24,-119.1,283.71,2.6
200,havre-saint-pierre,90,CA,1578449771,92,50.23,-63.6,260.15,2.1
201,nome,1,US,1578448895,61,30.04,-94.42,283.15,1.22
202,vaitape,4,PF,1578449771,78,-16.52,-151.75,300.8,8.24
203,saint-pierre,90,FR,1578449772,100,48.95,4.24,282.15,5.7
204,ribeira grande,64,PT,1578449682,92,38.52,-28.7,289.46,7.83
205,belmopan,75,BZ,1578449681,94,17.25,-88.77,295.15,3.1
206,coueron,90,FR,1578449772,100,47.22,-1.72,284.26,4.6
207,torgelow,95,DE,1578449772,86,53.63,14.01,278.15,5.7
208,evensk,100,RU,1578449773,72,61.92,159.24,252.86,2.56
209,comodoro rivadavia,20,AR,1578449208,48,-45.87,-67.48,292.15,9.3
210,yumen,23,CN,1578449773,49,40.29,97.04,267.45,1.6
211,vila franca do campo,20,PT,1578449773,88,37.72,-25.43,291.15,5.1
212,kaliua,47,TZ,1578449773,96,-5.06,31.79,290.65,1.16
213,takaka,100,NZ,1578449773,79,-40.86,172.81,288.71,1.79
214,cobija,81,BR,1578449774,64,-11.02,-68.77,298.74,1.44
215,horta,1,BR,1578449774,69,-10.93,-37.66,300.15,4.6
216,namibe,100,AO,1578449774,81,-15.19,12.15,296.16,1.59
217,katsina,98,NG,1578449774,20,12.99,7.6,290.8,6.38
218,pahrump,1,US,1578449774,36,36.21,-115.98,283.15,1.58
219,porto novo,75,BR,1578449208,88,-23.68,-45.44,296.15,1.5
220,aklavik,5,CA,1578449775,65,68.22,-135.01,235.15,2.1
221,saint george,20,GR,1578449775,79,39.45,22.34,275.37,1.1
222,hasaki,75,JP,1578449775,100,35.73,140.83,278.15,3.1
223,saryg-sep,49,RU,1578449776,97,51.49,95.55,247.04,0.41
224,muros,75,ES,1578449225,100,42.77,-9.06,286.48,1.5
225,fukue,20,JP,1578449776,77,35.03,136.69,289.26,10.8
226,marsa matruh,40,EG,1578449210,81,31.35,27.25,282.15,7.2
227,epinal,90,FR,1578449754,93,48.18,6.45,278.15,4.1
228,kenai,1,US,1578449233,83,60.55,-151.26,253.15,2.6
229,bandarbeyla,100,SO,1578449705,76,9.49,50.81,298.81,7.77
230,big rapids,40,US,1578449777,60,43.7,-85.48,274.26,6.7
231,nhulunbuy,75,AU,1578449777,83,-12.18,136.78,301.15,4.6
232,santa luzia,40,BR,1578449777,88,-19.77,-43.85,295.15,1.5
233,fairbanks,1,US,1578449778,73,64.84,-147.72,242.59,0.36
234,port-de-bouc,0,FR,1578449778,87,43.4,4.98,282.15,3.6
235,kavieng,100,PG,1578449180,81,-2.57,150.8,301.45,11.55
236,ahmadpur east,0,PK,1578449778,79,29.14,71.26,285.54,1.71
237,predivinsk,100,RU,1578449778,97,57.07,93.44,259.43,1.57
238,tiksi,100,RU,1578449183,90,71.64,128.87,249.89,2.51
239,sioux lookout,75,CA,1578449779,64,50.1,-91.92,254.15,5.7
240,mayo,90,CA,1578449200,69,63.59,-135.9,248.15,3.6
241,klaksvik,100,FO,1578449779,80,62.23,-6.59,275.15,11.3
242,biak,100,ID,1578449779,69,-0.91,122.88,302.54,6.91
243,jamestown,0,AU,1578449779,20,-33.21,138.6,304.58,3.39
244,tuatapere,89,NZ,1578449780,65,-46.13,167.69,289.26,6.26
245,lebu,40,ET,1578449780,58,8.96,38.73,285.15,6.2
246,butaritari,100,KI,1578449706,79,3.07,172.79,302.43,8.4
247,pennsville,90,US,1578449780,86,39.65,-75.52,274.82,4.6
248,mwene-ditu,100,CD,1578449780,94,-7.01,23.45,292.03,1.33
249,buraydah,0,SA,1578449780,81,26.33,43.97,285.15,4.1
250,candelaria,85,PH,1578449781,65,13.93,121.42,300.8,3.98
251,ilhabela,100,BR,1578449781,90,-23.78,-45.36,298.14,3.7
252,gao,100,ML,1578449781,29,16.28,-0.04,290.76,3.16
253,te anau,77,NZ,1578449781,70,-45.41,167.72,285.55,3.84
254,luga,100,RU,1578449781,93,58.74,29.85,274.61,5.03
255,la ronge,5,CA,1578449782,82,55.1,-105.3,244.15,1.0
256,houma,80,CN,1578449782,81,35.63,111.36,274.48,1.0
257,veraval,90,FR,1578449782,93,49.65,0.71,285.37,5.1
258,urucui,100,BR,1578449782,93,-7.23,-44.56,296.12,1.76
259,alice springs,77,AU,1578449719,23,-23.7,133.88,308.15,7.7
260,mahina,81,ML,1578449782,17,13.76,-10.85,290.26,3.07
261,los llanos de aridane,20,ES,1578449240,59,28.66,-17.92,292.15,6.2
262,mildura,0,AU,1578449783,28,-34.18,142.16,302.15,3.1
263,caceres,0,CO,1578449783,94,5.53,-74.53,293.33,1.09
264,buala,100,SB,1578449784,71,-8.15,159.59,302.55,3.37
265,broome,100,GB,1578449784,82,52.47,1.45,287.15,7.2
266,darhan,0,MN,1578449784,88,49.49,105.92,253.91,1.52
267,oranjemund,96,ZA,1578449784,74,-28.55,16.43,291.54,1.63
268,hun,75,BE,1578449784,93,50.34,4.87,282.15,6.7
269,sayyan,1,YE,1578449785,78,15.17,44.32,284.2,0.65
270,kruszwica,90,PL,1578449785,93,52.67,18.33,277.04,4.1
271,goure,38,NE,1578449785,21,13.98,10.27,291.48,4.47
272,kudat,75,MY,1578449785,83,6.89,116.84,301.15,3.1
273,victoria,75,BN,1578449502,79,5.28,115.24,302.15,3.1
274,amahai,100,ID,1578449786,67,-3.31,129.0,301.84,2.05
275,gornyak,58,KZ,1578449786,84,51.0,81.46,257.18,2.3
276,yerkoy,100,TR,1578449786,89,39.64,34.47,274.07,2.19
277,dong hoi,54,VN,1578449786,82,17.48,106.6,297.25,3.01
278,farmington,1,US,1578449786,50,36.73,-108.21,272.59,2.1
279,sain alto,0,MX,1578449787,45,23.58,-103.25,282.48,6.1
280,ostersund,85,SE,1578449787,75,63.18,14.64,279.26,6.2
281,roald,100,NO,1578449708,81,62.58,6.12,282.15,14.9
282,salekhard,0,RU,1578449787,84,66.54,66.62,255.03,2.74
283,kapit,100,MY,1578449693,60,2.02,112.94,303.51,0.19
284,nizhnevartovsk,98,RU,1578449788,84,60.93,76.58,255.15,2.0
285,pevek,0,RU,1578449788,81,69.7,170.27,248.81,6.16
286,beringovskiy,100,RU,1578449526,98,63.05,179.32,254.36,3.4
287,saint-augustin,90,CA,1578449201,73,45.63,-73.98,270.93,1.5
288,san cristobal,29,HN,1578449523,99,14.68,-86.92,289.51,1.63
289,auki,65,NG,1578449197,18,12.18,6.51,293.12,6.91
290,haarlem,75,NL,1578449789,100,52.39,4.64,284.26,8.2
291,falun,100,SE,1578449789,81,60.61,15.63,279.82,7.7
292,yelovo,75,RU,1578449789,98,57.05,54.92,259.64,0.07
293,sedalia,1,US,1578449790,48,38.7,-93.23,279.82,5.7
294,lasa,20,CY,1578449199,76,34.92,32.53,284.15,4.6
295,jacareacanga,97,BR,1578449790,95,-6.22,-57.76,296.98,0.77
296,cedar rapids,1,US,1578449779,79,41.98,-91.67,272.04,4.1
297,gwadar,0,PK,1578449790,49,25.12,62.33,292.59,12.76
298,el vendrell,33,ES,1578449614,100,41.22,1.53,282.04,3.1
299,fort nelson,75,CA,1578449719,67,58.81,-122.69,242.15,1.0
300,yulara,100,AU,1578449416,23,-25.24,130.99,307.15,6.7
301,santa maria,75,BR,1578449204,88,-16.02,-48.01,296.15,2.6
302,nara,75,JP,1578449791,67,34.68,135.8,289.82,8.7
303,humberto de campos,61,BR,1578449209,86,-2.6,-43.46,298.33,1.81
304,port hardy,90,CA,1578449721,86,50.7,-127.42,277.15,5.1
305,samarai,100,PG,1578449194,62,-10.62,150.67,303.69,3.77
306,laguna,90,BZ,1578449220,100,16.17,-88.94,294.15,0.56
307,port blair,20,IN,1578449792,78,11.67,92.75,299.15,1.5
308,carutapera,100,BR,1578449249,78,-1.2,-46.02,300.63,5.75
309,baijiantan,90,CN,1578449792,91,45.63,85.18,260.69,0.45
310,boca do acre,56,BR,1578449793,84,-8.76,-67.39,297.49,1.09
311,makurdi,100,NG,1578449793,28,7.73,8.54,298.24,2.95
312,coihaique,90,CL,1578449793,75,-45.58,-72.07,281.15,4.1
313,yeppoon,20,AU,1578449793,31,-23.13,150.74,306.15,3.6
314,batagay-alyta,100,RU,1578449526,78,67.8,130.41,249.26,1.52
315,requena,4,ES,1578449794,93,39.49,-1.1,280.37,2.1
316,leshukonskoye,100,RU,1578449794,94,64.9,45.76,269.53,5.34
317,butterworth,20,MY,1578449794,66,5.4,100.37,302.15,3.1
318,clarksburg,1,US,1578449517,89,39.24,-77.28,274.82,3.24
319,vostok,100,RU,1578449228,78,46.45,135.83,265.82,1.63
320,kulhudhuffushi,16,MV,1578449690,67,6.62,73.07,300.84,2.35
321,nantucket,90,US,1578449208,69,41.28,-70.1,277.59,3.1
322,arvika,100,SE,1578449795,100,59.65,12.59,280.15,8.2
323,camalu,63,MX,1578449795,23,30.85,-116.07,278.71,4.92
324,yar-sale,0,RU,1578449250,85,66.83,70.83,254.57,2.15
325,hofn,100,IS,1578449244,57,64.25,-15.21,273.41,24.32
326,padang,100,ID,1578449224,62,-0.92,100.36,300.34,2.02
327,igarka,100,RU,1578449245,96,67.47,86.57,255.58,4.83
328,tateyama,75,JP,1578449796,63,36.66,137.31,290.15,4.6
329,pasinler,75,TR,1578449796,92,39.98,41.67,267.15,0.5
330,leningradskiy,21,RU,1578449797,88,69.38,178.42,245.57,4.35
331,yerbogachen,99,RU,1578449525,94,61.28,108.01,259.56,3.83
332,izhma,85,RU,1578449797,94,65.01,53.91,261.37,3.43
333,bosconia,67,CO,1578449798,69,9.97,-73.89,298.86,1.27
334,cabo san lucas,20,MX,1578449713,82,22.89,-109.91,293.15,1.35
335,diffa,0,NE,1578449798,23,13.32,12.61,291.93,4.96
336,navrongo,14,GH,1578449798,28,10.89,-1.09,296.53,3.86
337,alzamay,100,RU,1578449798,93,55.55,98.67,262.48,2.27
338,kurchum,75,KZ,1578449799,86,48.57,83.65,256.79,0.66
339,saint-francois,90,FR,1578449799,87,46.42,3.91,280.15,1.5
340,tilichiki,100,RU,1578449202,88,60.47,166.1,257.83,4.14
341,esperance,0,AU,1578449230,61,-33.86,121.89,298.15,5.1
342,calbuco,90,CL,1578449800,93,-41.77,-73.13,284.15,3.1
343,shubarshi,100,KZ,1578449800,95,48.59,57.19,261.79,2.38
344,cockburn town,1,TC,1578449574,79,21.46,-71.14,298.95,5.68
345,vardo,1,US,1578449682,85,39.62,-77.74,272.59,2.1
346,lichinga,85,MZ,1578449801,94,-13.3,35.25,291.2,1.45
347,moranbah,90,AU,1578449801,26,-22.0,148.04,307.75,6.6
348,jablah,75,SY,1578449801,76,35.36,35.93,284.15,8.2
349,santa isabel,20,MX,1578449802,23,32.63,-115.58,292.15,1.25
350,port-gentil,63,GA,1578449802,80,-0.72,8.78,300.54,3.35
351,rognan,75,NO,1578449802,70,67.1,15.4,280.15,8.2
352,pochutla,5,MX,1578449233,65,15.74,-96.47,299.15,3.1
353,tazovskiy,92,RU,1578449802,94,67.47,78.7,259.19,5.27
354,shimoda,75,JP,1578449248,100,34.7,138.93,290.15,6.7
355,viedma,0,AR,1578449690,19,-40.81,-62.99,298.58,7.79
356,srednekolymsk,64,RU,1578449803,97,67.46,153.71,241.83,2.47
357,solnechnyy,0,RU,1578449803,83,50.72,136.64,261.15,0.98
358,novyy urengoy,22,RU,1578449254,96,66.08,76.63,252.61,4.13
359,wattegama,26,LK,1578449803,73,7.35,80.68,298.3,2.35
360,kokemaki,90,FI,1578449804,86,61.26,22.36,278.15,7.7
361,gangtok,93,IN,1578449804,69,27.33,88.61,278.87,1.25
362,ostrovnoy,100,RU,1578449698,92,68.05,39.51,274.68,9.06
363,maralal,100,KE,1578449804,82,1.1,36.7,290.33,4.12
364,hualmay,25,PE,1578449804,88,-11.1,-77.61,292.39,1.27
365,north myrtle beach,1,US,1578449805,81,33.83,-78.68,283.15,2.21
366,kilkis,0,GR,1578449805,73,40.99,22.87,275.37,1.5
367,mumford,26,GH,1578449805,80,5.26,-0.76,296.09,1.44
368,hithadhoo,94,MV,1578449805,76,-0.6,73.08,301.36,5.55
369,indija,100,LT,1578449806,91,55.45,22.23,274.31,4.63
370,puksoozero,100,RU,1578449806,98,62.59,40.61,274.35,4.83
371,marawi,99,PH,1578449806,69,8.0,124.29,300.93,2.24
372,zhezkazgan,90,KZ,1578449806,92,47.8,67.71,262.15,1.0
373,nanortalik,100,GL,1578449806,69,60.14,-45.24,272.09,16.01
374,waingapu,91,ID,1578449807,75,-9.65,120.26,301.73,8.48
375,oriximina,75,BR,1578449807,76,-1.77,-55.87,299.82,3.8
376,coolum beach,1,AU,1578449807,48,-26.53,153.09,307.04,0.89
377,halkirk,100,CA,1578449807,88,52.28,-112.15,262.59,7.15
378,san andres,100,PH,1578449807,65,13.32,122.68,302.08,4.03
379,umm lajj,0,SA,1578449808,56,25.02,37.27,285.09,2.07
380,the valley,0,AI,1578449704,88,18.22,-63.06,298.71,5.1
381,kabarnet,100,KE,1578449808,95,0.5,35.74,286.56,3.52
382,brae,100,GB,1578449253,70,60.4,-1.35,279.15,15.4
383,zhangye,77,CN,1578449235,47,38.94,100.46,268.88,0.16
384,cayenne,75,GF,1578449054,83,4.94,-52.33,300.15,2.6
385,vestmannaeyjar,100,IS,1578449809,69,63.44,-20.27,272.87,22.75
386,salisbury,100,GB,1578449809,93,51.07,-1.8,285.37,4.6
387,riachao das neves,100,BR,1578449809,91,-11.75,-44.91,294.49,0.43
388,khuzhir,0,RU,1578449809,81,53.19,107.35,263.68,2.89
389,chernyshevskiy,100,RU,1578449809,95,63.01,112.47,259.6,3.21
390,monrovia,20,LR,1578449810,94,6.33,-10.8,296.15,2.99
391,matagami,82,NG,1578449810,31,9.67,8.4,293.71,2.9
392,kamina,100,CD,1578449811,97,-8.74,25.0,291.5,0.95
393,saint-leu,98,RE,1578449811,78,-21.15,55.28,298.15,2.1
394,zalantun,0,CN,1578449811,79,48.0,122.72,260.83,2.92
395,tankhoy,81,RU,1578449812,85,51.55,105.12,263.26,1.19
396,zhangjiakou,1,CN,1578449812,72,40.77,114.88,261.17,2.24
397,yakeshi,100,CN,1578449812,100,49.28,120.73,251.69,1.46
398,koslan,100,RU,1578449814,94,63.46,48.9,263.88,4.0
399,bolshaya sosnova,74,RU,1578449815,98,57.67,54.6,258.88,0.82
400,seydi,100,NE,1578449815,21,13.34,7.75,289.87,4.65
401,khatanga,100,RU,1578449815,95,71.98,102.47,257.79,4.48
402,shirokiy,95,RU,1578449815,96,53.87,39.17,269.65,3.33
403,mar del plata,0,AR,1578449676,35,-46.43,-67.52,287.28,15.64
404,matias barbosa,96,BR,1578449816,94,-21.87,-43.32,294.69,1.12
405,verkhoyansk,23,RU,1578449816,87,67.55,133.39,242.79,0.56
406,nortelandia,100,BR,1578449817,99,-14.45,-56.8,295.41,1.49
407,hargeysa,100,SO,1578449817,93,9.56,44.06,288.68,5.63
408,palmerston,90,AU,1578449817,74,-12.49,130.99,306.48,6.2
409,potsdam,89,DE,1578449672,86,52.4,13.06,278.15,4.1
410,nalgonda,27,IN,1578449817,85,17.05,79.27,295.19,3.03
411,kamenka,0,MD,1578449818,82,48.03,28.7,268.79,1.33
412,setermoen,100,NO,1578449818,64,68.86,18.35,277.15,11.8
413,ponta delgada,20,PT,1578449252,88,37.73,-25.67,291.15,5.1
414,tual,100,ID,1578449818,79,-5.67,132.75,300.87,6.25
415,samagaltay,35,RU,1578449819,86,50.6,95.0,247.66,0.58
416,sokoto,100,NG,1578449819,19,13.06,5.24,292.83,6.7
417,znamenskoye,15,RU,1578449819,97,57.13,73.82,254.38,1.01
418,frohnleiten,27,AT,1578449819,92,47.27,15.33,268.15,1.0
419,am timan,0,TD,1578449819,31,11.04,20.28,293.02,2.22
420,mackenzie,90,CA,1578449609,78,55.34,-123.09,260.15,5.1
421,seoul,90,KR,1578449592,93,37.57,126.98,277.15,1.5
422,micheweni,22,TZ,1578449820,78,-4.97,39.83,301.8,4.22
423,ocos,40,GT,1578449820,94,14.51,-92.19,297.15,1.5
424,posse,91,BR,1578449820,91,-14.08,-46.36,293.26,0.68
425,puga,90,ES,1578449821,87,42.33,-8.01,284.82,2.1
426,kadaya,68,RU,1578449526,96,50.93,119.29,251.32,1.35
427,abha,40,SA,1578449821,87,18.22,42.5,287.15,4.1
428,killarney,21,AU,1578449821,24,-28.34,152.3,307.89,1.63
429,lucapa,100,AO,1578449821,98,-8.42,20.74,291.43,1.18
430,richards bay,100,ZA,1578449704,80,-28.77,32.06,297.81,7.91
431,les cayes,0,HT,1578449822,67,18.19,-73.75,300.11,1.86
432,micomeseng,100,GQ,1578449822,98,2.15,10.62,293.86,0.68
433,kokopo,1,PG,1578449822,70,-4.34,152.27,302.88,3.56
434,urengoy,96,RU,1578449822,96,65.96,78.37,253.98,3.81
435,slubice,75,CZ,1578449823,93,48.73,14.32,275.15,1.5
436,yabrud,40,SY,1578449823,75,33.97,36.66,279.15,5.7
437,lerwick,99,GB,1578449823,75,60.15,-1.15,279.15,19.0
438,tame,0,CO,1578449823,64,6.46,-71.72,297.39,1.99
439,sola,64,TZ,1578449823,86,-3.17,33.8,291.09,1.2
440,cocorit,40,MX,1578449824,59,27.57,-109.96,290.15,1.0
441,sibolga,68,ID,1578449824,60,1.74,98.78,302.18,1.41
442,niquelandia,97,BR,1578449825,96,-14.47,-48.46,293.94,0.29
443,bira,0,RU,1578449825,80,49.0,132.47,266.32,1.88
444,sitka,0,US,1578449825,46,37.17,-99.65,276.48,1.34
445,nampa,1,US,1578449825,70,43.57,-116.56,280.15,2.6
446,fort wellington,9,GY,1578449825,80,6.4,-57.6,299.69,8.26
447,qandala,100,SO,1578449825,74,11.47,49.87,296.6,2.23
448,poum,0,MK,1578449826,35,41.28,20.71,269.69,2.03
449,caravelas,59,BR,1578449826,94,-17.73,-39.27,296.15,3.49
450,yarmouth,90,CA,1578449598,63,43.84,-66.12,272.15,1.0
451,sindou,0,BF,1578449826,25,10.66,-5.16,293.9,1.54
452,henties bay,0,NA,1578449826,91,-22.12,14.28,290.93,0.89
453,alihe,0,CN,1578449679,78,50.57,123.73,260.1,1.55
454,tautira,75,PF,1578449253,70,-17.73,-149.15,303.15,4.1
455,neuquen,0,AR,1578449706,35,-38.95,-68.06,296.15,4.6
456,parrsboro,90,CA,1578449827,86,45.41,-64.33,272.15,2.1
457,karratha,100,AU,1578449828,68,-20.74,116.85,304.17,4.38
458,yershichi,100,RU,1578449828,93,53.67,32.75,272.13,2.53
459,bonavista,97,CA,1578449828,83,48.65,-53.11,267.73,5.29
460,zlotow,90,PL,1578449829,93,53.36,17.04,276.15,4.1
461,mutoko,76,ZW,1578449829,92,-17.4,32.23,291.27,0.55
462,zheshart,100,RU,1578449829,92,62.09,49.59,264.75,3.84
463,reconquista,0,AR,1578449829,32,-29.14,-59.64,293.87,3.55
464,ridgecrest,75,US,1578449554,52,35.62,-117.67,282.59,2.1
465,atar,2,MR,1578449254,16,20.52,-13.05,281.74,4.0
466,ha giang,97,VN,1578449830,94,22.83,104.99,290.47,2.71
467,srandakan,7,ID,1578449830,70,-7.94,110.25,301.74,4.01
468,calabozo,0,VE,1578449830,64,8.92,-67.43,299.53,2.81
469,susanville,1,US,1578449830,35,40.42,-120.65,279.15,2.1
470,san rafael,0,AR,1578449831,32,-34.61,-68.33,297.57,4.06
471,castro-urdiales,100,ES,1578449831,100,43.38,-3.22,281.48,1.5
472,sorland,100,NO,1578449831,89,67.67,12.69,279.53,18.85
473,walvis bay,0,NA,1578449246,88,-22.95,14.51,290.93,1.0
474,nur,0,PL,1578449831,91,52.67,22.32,270.84,2.95
475,san diego de la union,64,MX,1578449832,53,21.47,-100.87,283.71,0.89
476,queanbeyan,40,AU,1578449832,39,-35.35,149.23,305.93,7.7
477,norilsk,75,RU,1578449832,84,69.35,88.2,257.15,9.0
478,peterhead,0,AU,1578449832,30,-34.83,138.5,308.71,2.68
479,virginia beach,40,US,1578449668,66,36.85,-75.98,278.15,6.2
480,newport,90,GB,1578449832,100,51.59,-3.0,285.37,7.7
481,scarborough,37,GB,1578449833,81,54.28,-0.41,285.15,5.1
482,payo,81,ID,1578449833,75,-3.75,103.64,297.96,1.74
483,homer,1,US,1578449833,65,59.64,-151.54,262.15,2.6
484,makat,100,KZ,1578449833,75,47.65,53.35,268.97,4.33
485,tecoanapa,20,MX,1578449834,83,16.99,-99.26,299.15,1.5
486,port-cartier,20,CA,1578449251,77,50.03,-66.88,257.59,2.6
487,coroneo,75,MX,1578449834,50,20.2,-100.37,284.15,6.2
488,nuuk,75,GL,1578449711,71,64.17,-51.74,257.15,8.2
489,kavaratti,1,IN,1578449834,72,10.57,72.64,300.8,5.16
490,coquimbo,0,CL,1578449817,82,-29.95,-71.34,290.15,2.6
491,brainerd,40,US,1578449835,65,46.36,-94.2,258.15,6.7
492,sergeyevka,100,KZ,1578449835,96,53.88,67.42,262.97,0.69
493,sao joao da barra,40,BR,1578449835,91,-21.64,-41.05,298.41,5.75
494,busko-zdroj,100,PL,1578449835,80,50.47,20.72,274.82,1.79
495,vysokogornyy,0,RU,1578449835,88,50.1,139.13,261.12,1.48
496,colwyn bay,33,GB,1578449836,81,53.29,-3.71,285.37,7.7
497,suihua,84,CN,1578449836,83,46.64,126.99,261.85,1.73
498,catuday,0,PH,1578449836,74,16.29,119.81,299.07,4.18
499,dolores,0,UY,1578449836,58,-33.53,-58.22,294.26,0.89
500,avera,1,US,1578449836,34,33.19,-82.53,284.15,3.6
501,naze,100,NG,1578449837,78,5.43,7.07,297.15,0.82
502,shache,99,CN,1578449837,95,38.42,77.24,272.59,0.3
503,vao,100,EE,1578449837,84,59.1,26.19,276.25,6.48
504,baciu,0,RO,1578449837,84,46.79,23.53,260.93,1.0
505,boisoara,0,RO,1578449837,92,45.43,24.38,260.93,1.0
506,derzhavinsk,97,KZ,1578449838,96,51.1,66.31,256.75,2.69
507,yibin,100,CN,1578449838,64,28.77,104.64,284.04,0.7
508,vestmanna,100,FO,1578449838,80,62.16,-7.17,275.15,11.3
509,berlevag,33,NO,1578449689,75,70.86,29.09,277.05,8.61
510,cabedelo,40,BR,1578449838,85,-6.97,-34.84,299.15,2.1
511,huty,0,UA,1578449839,78,50.13,35.35,266.73,2.54
512,copiapo,0,CL,1578449839,77,-27.37,-70.33,291.15,2.1
513,tevaitoa,16,PF,1578449839,78,-16.78,-151.5,301.08,8.24
514,kungurtug,0,RU,1578449839,76,50.6,97.53,252.66,0.11
515,tongren,100,CN,1578449840,93,27.72,109.18,278.29,2.65
516,kupang,90,ID,1578449840,88,-10.16,123.6,300.15,3.1
517,husavik,24,CA,1578449840,81,50.56,-96.99,252.59,1.34
518,vallenar,0,CL,1578449840,89,-28.58,-70.76,286.8,1.13
519,kangly,90,RU,1578449841,100,44.25,43.03,271.15,2.0
520,vila velha,75,BR,1578449677,78,-3.71,-38.6,303.15,2.1
521,sioux falls,1,US,1578449841,61,43.55,-96.7,268.71,4.6
522,balikpapan,20,ID,1578449841,62,-1.24,116.86,303.15,4.6
523,biloela,76,AU,1578449841,21,-24.4,150.51,307.02,0.37
524,san policarpo,100,PH,1578449842,73,12.18,125.51,301.0,5.55
525,sydney,13,AU,1578449772,83,-33.85,151.22,300.93,10.3
526,tommot,100,RU,1578449842,93,58.97,126.27,265.14,4.73
527,roblin,0,CA,1578449842,96,51.23,-101.35,243.11,0.9
528,visby,100,SE,1578449842,79,57.64,18.3,279.26,12.9
529,nemuro,75,JP,1578449646,79,43.32,145.57,270.15,1.5
530,jasper,1,US,1578449843,76,33.83,-87.28,282.15,1.67
531,baoma,100,CN,1578449843,75,31.49,106.11,281.68,2.5
532,tigil,100,RU,1578449843,78,57.8,158.67,261.54,2.42
533,mizan teferi,100,ET,1578449843,85,6.99,35.58,291.14,1.49
534,nizhniy tsasuchey,18,RU,1578449843,78,50.52,115.13,259.21,1.75
535,dukat,0,AL,1578449844,39,40.25,19.57,278.71,0.89
536,tessalit,3,ML,1578449844,16,20.2,1.01,287.62,7.43
537,corinth,20,GR,1578449844,56,37.94,22.93,279.82,2.6
538,monte carmelo,100,BR,1578449844,95,-18.73,-47.5,294.83,0.49
539,kalmunai,100,LK,1578449844,75,7.42,81.82,300.58,7.88
540,miramar,0,CR,1578449845,53,10.09,-84.73,295.37,7.7
541,mato verde,39,BR,1578449845,94,-15.4,-42.86,294.8,0.41
542,morehead,20,US,1578449833,48,38.18,-83.43,278.15,3.1
543,sept-iles,20,CA,1578449640,77,50.2,-66.38,257.59,2.6
544,machico,75,PT,1578449845,63,32.7,-16.77,289.15,6.2
545,borovoy,99,RU,1578449845,93,63.23,52.89,263.4,4.13
546,cabiraoan,37,PH,1578449846,72,18.32,122.09,299.54,6.92
547,morant bay,20,JM,1578449846,78,17.88,-76.41,299.15,3.6
548,pangnirtung,10,CA,1578449846,73,66.15,-65.72,231.44,0.63
549,aloleng,0,PH,1578449846,53,16.13,119.78,303.42,5.14
550,bilibino,0,RU,1578449847,93,68.06,166.44,239.57,1.31
551,limoges,90,FR,1578449847,100,45.84,1.26,282.04,1.0
552,suntar,100,RU,1578449847,93,62.16,117.65,264.0,3.44
553,deming,1,US,1578449847,27,32.27,-107.76,277.15,3.6
554,bonthe,0,SL,1578449847,79,7.53,-12.5,297.94,2.83
555,deputatskiy,97,RU,1578449719,94,69.3,139.9,250.18,1.68
556,quelimane,100,MZ,1578449848,86,-17.88,36.89,299.33,1.77
557,mechetinskaya,100,RU,1578449848,95,46.77,40.45,272.58,4.86
558,emilio carranza,26,MX,1578449848,83,19.97,-96.61,293.75,6.74
559,ust-nera,100,RU,1578449849,100,64.57,143.24,239.91,0.55
560,diapaga,63,BF,1578449849,21,12.07,1.79,294.54,3.53
